node-1,192.168.1.1
node-2,192.168.2.1
node-3,192.168.3.1
node-4,192.168.4.1
node-5,192.168.5.1
node-6,192.168.6.1
node-7,192.168.7.1
node-8,192.168.8.1
node-9,192.168.9.1
node-10,192.168.10.1
node-11,192.168.11.1
node-12,192.168.12.1
node-13,192.168.13.1
node-14,192.168.14.1
node-15,192.168.15.1
node-16,192.168.16.1
node-17,192.168.17.1
node-18,192.168.18.1
node-19,192.168.19.1
node-20,192.168.20.1
node-21,192.168.21.1
node-22,192.168.22.1
node-23,192.168.23.1
node-24,192.168.24.1
node-25,192.168.25.1
node-26,192.168.26.1
node-27,192.168.27.1
node-28,192.168.28.1
node-29,192.168.29.1
node-30,192.168.30.1
node-31,192.168.31.1
node-32,192.168.32.1
node-33,192.168.33.1
